"","V1","V2","V3"
"1",0,0,0
"2",3.38922238205846,-3.38935979878648,1.06603261644471
"3",8.20027464168049,-3.78511286556119,1.965729527635
"4",12.9939927158211,-4.64580476125914,2.59132026356251
"5",17.9683741751441,-4.42337097382884,2.72899488868163
"6",22.9213627518526,-4.09417782194021,3.14014368248564
"7",27.8727098045147,-3.63508134889691,3.43215651709684
"8",34.8706659686838,-2.88677449483092,3.7594940796053
"9",41.6181025516184,-0.861378354589622,3.65503703133763
"10",48.6228735921322,-0.797956042141811,4.40829224447572
"11",55.4127788137337,1.67392815400677,4.8096326273442
"12",62.4129592060508,3.33358451262735,5.59421638543798
"13",69.5225410668383,4.62043630491947,6.00936974546307
"14",76.3513705312502,5.93740164286216,5.75553044543376
"15",83.1599935362215,7.23625991123722,5.13330784584058
"16",90.0556890397676,8.04806211683565,4.66142651080738
"17",95.6813015065941,8.97712709551826,4.59637598203495
"18",101.214092628185,10.2504223644009,4.06767040759013
"19",106.845462697167,11.1322433546352,3.91715790569563
"20",110.245730712936,11.3157414562787,3.91244610618848
"21",113.603580953583,11.2047770257202,3.35722559763856
"22",116.998011531642,11.4024740991509,3.17165127705485
"23",120.432729091703,11.3941137270767,3.18555377997232
"24",123.8602926922,11.173582813213,3.22648638857606
"25",127.288363694501,10.9650085248072,3.26973918894545
"26",131.411948002818,11.0394570707008,3.21726851021125
"27",135.519764932544,10.6971171569962,3.07156393858794
"28",139.564518431656,9.89033377036064,3.07298071612905
"29",143.974442654169,9.39532072723473,3.15823727587053
"30",148.41190775281,9.40579533129253,3.25053030175612
"31",152.705482279583,8.28279722258466,3.18905926210001
"32",156.141048146021,7.61884388244043,2.7905945877259
"33",159.491649338387,6.66099226045986,2.28202946726075
"34",162.934089796506,6.12037884800645,1.77208603606525
"35",165.232417968223,6.05651777720128,1.6724087952826
"36",167.499421861187,5.70063863307795,1.84610280964618
"37",169.799465429438,5.63281123204215,1.80788049807374
"38",173.582390209435,4.50939267096236,1.57701787011263
"39",177.254320757613,3.07292908576493,1.29193119545677
"40",181.131060616564,2.3858487814555,0.938375735929602
"41",184.065363937127,2.08746450160037,0.665280197798886
"42",186.968141853981,1.58954084983966,0.349070163799781
"43",189.914990979623,1.36342734974622,0.15276042602477
"44",194.73585254639,1.15070857605452,0.0554163521868888
"45",199.529804816326,0.598321418350227,-0.0258460977792409
"46",204.318864763726,1.16410604445059e-14,-7.88860905221012e-31
"47",130.982539018977,30.2460816177926,-34.3141347504181
"48",132.104358136166,32.4691589490162,-34.7181784953379
"49",133.248272151847,34.6128831616921,-35.3965262419373
"50",134.471089181444,36.6910490693193,-36.1378499143662
"51",135.957122093314,38.9456617734436,-36.767866632272
"52",137.652854663981,40.8419015030699,-37.8711130475235
"53",139.128218467113,43.1332922677103,-38.382286254107
"54",140.836443086963,45.5916093348677,-38.776240975948
"55",142.557494380204,48.0688502731521,-39.0321051725843
"56",144.376203949086,50.4039795355904,-39.5474361973261
"57",146.165483469712,52.2568720147387,-40.5156851869376
"58",148.095536196095,53.8010616874077,-41.7251266374859
"59",149.852418246548,55.6369660130368,-42.780980786
"60",152.504396813251,58.4943623149697,-43.9663563159262
"61",155.590373104765,60.863590106683,-45.2211159072055
"62",158.647422520323,63.3382395851798,-46.2352255033732
"63",161.413257556022,65.1798031387185,-46.8648805865695
"64",164.349616232361,66.7935905396856,-47.3246809614842
"65",167.179093711464,68.5604209240552,-47.8815262309008
"66",169.552385570866,69.5726530686049,-48.6487710930647
"67",171.948214696388,70.3413710350541,-49.6050195862091
"68",174.296164197366,70.9439340156305,-50.7753237024336
"69",202.718305874782,76.9353660755688,-48.5079159437106
"70",205.46169503901,76.0104812228296,-47.8290143563142
"71",208.111007114436,74.8824437455966,-47.0864300929076
"72",210.849687308122,73.9460549465966,-46.4038840279274
"73",214.614637285415,83.1290678356294,-58.2864792091049
"74",217.062821271405,81.6547465923704,-57.2995948242768
"75",218.921675688197,79.3844610916466,-56.5699665764176
"76",221.391859428467,77.7781018182616,-55.8920642012795
"77",225.228800287188,76.1260390416146,-55.242831898559
"78",229.135686082372,74.9565419162473,-54.128218145125
"79",232.842663908548,73.7444000779869,-52.4969272455067
"80",236.831585330094,72.5727898447438,-50.1610063318208
"81",240.272318917816,71.2252296512344,-47.1468979977044
"82",244.352496687158,71.2562199891635,-44.6789223555798
"83",143.156123492633,18.8731175472071,41.2588111794789
"84",145.860356158605,22.1431528951796,41.2876309417908
"85",148.678321774936,25.3002453191413,41.6027361484662
"86",151.871253054731,28.0782656689579,41.9111866273254
"87",155.178243061491,30.7081497523991,42.8882609573801
"88",158.152008510459,33.3978258780787,44.540154011811
"89",160.896771868309,36.2264514134222,46.3493744409829
"90",163.992778566653,39.3158529773409,48.3033526578687
"91",167.206974516697,42.2482214986449,50.3077809164997
"92",170.388051488061,45.1339807007534,52.4292830058545
"93",174.017322827313,47.9932595675162,54.9198859649123
"94",178.098858009757,50.3972649899859,57.1810199663495
"95",182.305575509411,52.7632494286438,59.244290832724
"96",184.948418174074,54.6304476339655,61.201858633334
"97",188.213156923821,56.1924256715568,62.2995761837455
"98",191.618735148249,57.5981470779264,63.1532133054641
"99",198.296695258182,59.8525922086324,63.8303557806274
"100",205.198709532764,61.4093667445472,63.5501027199919
"101",212.083809778241,62.4695707432866,62.2814774012326
"102",216.948776060253,63.1549518895301,61.814269282879
"103",221.687792309734,63.3697405982504,60.4528108830879
"104",226.498752154957,63.3254223050616,59.3536909735977
"105",229.207585765754,62.8618829245707,58.8679570363929
"106",231.872855654051,62.1149633917367,58.5105458997339
"107",234.604784633509,61.6979278500793,58.1216432272124
"108",238.583988540675,61.4671450995934,56.6753331161454
"109",242.347634739201,61.2777489667974,54.7315542917683
"110",246.266241892034,61.6087295261388,53.1459227850145
"111",234.395902063838,71.3151331950371,-51.0644301801499
"112",240.028705272333,68.8022923870438,-48.8305061746956
"113",245.549943335072,66.327199836891,-46.2965048825597
"114",249.608449244541,61.1902171935464,-45.8781024734069
"115",252.096085859179,57.4702096263805,-45.340405601806
"116",253.887079242851,53.3375128035573,-45.170256882661
"117",254.956558741441,49.0002044476708,-45.7702738695297
"118",256.036025509609,44.8864639091966,-46.817350408039
"119",256.852393776298,40.8057237042632,-48.1837494016228
"120",257.32030772031,36.5597501028773,-49.1521147916148
"121",257.09892358828,34.1624404619647,-49.4651088517383
"122",256.511399438811,31.8112744460333,-49.610945943109
"123",255.953009098439,29.4485634620779,-49.6121638826333
"124",255.624876047183,27.3552734061642,-49.3616920948292
"125",255.175766926874,25.8093818817853,-47.959393070331
"126",255.247734765959,23.683402643033,-48.1159101203013
"127",258.519996835206,26.4828672691121,-46.9560540610866
"128",259.179286775168,31.8650829896702,-46.58791267759
"129",260.446241519456,37.1412400103786,-46.2787908422958
"130",261.675765082967,42.4053814261659,-45.7175541900152
"131",262.265750735138,45.3241301498396,-45.0681155069311
"132",263.223131414801,48.1407277518493,-44.4058160648919
"133",264.671863391613,50.7507090846716,-43.7910146988312
"134",266.277039532444,52.6832589743593,-43.0741487613562
"135",268.176425637301,54.3239395300123,-42.3487902432032
"136",269.931519830082,55.5932414034051,-40.8881017986765
"137",273.29472142732,57.0699408413518,-40.7422603675109
"138",276.768496975529,58.2220453438678,-40.3977681373044
"139",280.215332378858,59.424613220253,-39.9655195455531
"140",282.966343316595,60.3178529876472,-39.7139185606868
"141",285.652481095601,61.2412332637699,-39.1123257237915
"142",287.211961034968,62.5327648676814,-37.0313576654334
"143",289.955854761539,64.2395187188577,-33.7836939875141
"144",293.300802003537,67.9968943616177,-34.6427400712882
"145",295.232644823889,67.1515788149008,-38.1360212883557
"146",296.554280608274,68.1713585803916,-38.506194865383
"147",297.695260809949,69.240617738646,-39.19762843509
"148",298.423506306492,70.5281425577769,-40.0552154852322
"149",231.230761614794,63.3985189981728,54.9898971917063
"150",235.833986326622,61.5586945512212,54.3632885908142
"151",240.501048804082,59.8930266787256,53.7216006082077
"152",244.735886857413,57.3128812147572,53.1080178471855
"153",248.321474082738,54.1515829338921,52.4137823748232
"154",251.344020428283,50.4034560446847,52.0297162703106
"155",253.322758415351,46.0109171292787,52.3819135416023
"156",255.538275059297,43.3369082512786,52.4050482479267
"157",254.085722772945,40.955274424867,54.4708698388631
"158",254.308302577414,37.6275508705207,55.4566678358762
"159",254.343181227362,34.6977013888193,55.694293949712
"160",253.954790421645,31.7843007800889,55.6338221544625
"161",254.246429151458,28.8603029014682,55.5507149688825
"162",255.439635582065,26.7084595774849,54.9345861063177
"163",255.01852885532,24.3698590530996,55.8219457061613
"164",255.600560137071,21.9012917159555,55.8589404658977
"165",256.029550312268,19.5751855780187,55.8819599215187
"166",256.319749160505,17.2445432446912,55.6011838144797
"167",257.924491418544,15.8080460826633,54.6230587052266
"168",260.282257552103,21.0175764750337,55.3562940140546
"169",260.431824854564,23.8417973127461,55.6509208686782
"170",260.431957705251,26.6808978199193,55.4908599730168
"171",260.997357687988,29.4670862673112,55.4362168422394
"172",261.696740789833,31.5438247204425,55.1960063888063
"173",262.47759792559,33.5334695135957,54.6559633439329
"174",263.216440433633,35.4648327711375,53.8918711783988
"175",264.155860284584,38.0501443145728,52.9514669769951
"176",265.173496161404,40.5657288957898,51.9087371730944
"177",266.931594192593,42.6542452722732,50.9099683462928
"178",270.329546958813,44.5774516391685,49.7443220694721
"179",271.727509674471,46.7709477256939,46.6135606948936
"180",274.969223439757,44.380080101602,46.8580809154852
"181",277.223727844083,45.1554798834842,45.969483502912
"182",279.124114391239,46.6811123362316,45.2376674554988
"183",280.874395687445,48.4374602144626,44.6670423436433
"184",282.373574867179,50.8929101035925,44.5109486097242
"185",282.662603279561,53.615259838898,43.6127029746085
"186",283.940515462494,56.136165295205,44.1724628513549
"187",287.084133461669,59.0568294926597,45.735304547265
"188",289.387088402419,58.30903236149,49.6188134287394
"189",291.868916491148,61.4343618297795,51.848549741996
"190",143.217852553912,15.4891050101822,-32.2394818624728
"191",143.955578895833,14.1461739370674,-30.827873861915
"192",145.001130843804,13.2642065374204,-29.2563438353811
"193",145.92578290371,12.0018133210236,-27.8809759602553
"194",147.280737682166,10.5971770719535,-25.9608775781135
"195",148.736758777432,9.56627494596541,-23.8858987052881
"196",149.909718968011,7.37865477674038,-22.7262941744604
"197",151.256077527094,5.33664172896313,-21.1877249284095
"198",153.280773712117,5.44024399202488,-19.1284854938272
"199",155.583036436438,5.23773268722447,-17.3940089230911
"200",157.6994376775,4.84095397372421,-15.5132143662495
"201",159.924626857517,4.60533101280838,-13.7336927365291
"202",162.510421769603,4.28842738717651,-12.5559848150333
"203",168.2277672301,3.50137515297635,-11.6348773532805
"204",173.941360816215,3.99933098425658,-10.5112088228549
"205",178.77325961972,0.946673163514443,-11.7309327864522
"206",177.36698692798,4.75537871701389,-8.97776723655135
"207",182.003835571099,3.22723321083662,-8.92842669916111
"208",186.587800629084,1.54701199508443,-8.97283101469986
"209",190.883304187923,-0.771540185953062,-8.87232185786776
"210",193.116740190263,-1.70003972337838,-9.60454170484736
"211",195.152315856383,-3.00392875522121,-10.3412636718277
"212",197.396591639717,-3.96057776486522,-11.0003434136542
"213",200.185087620514,-4.23946618853402,-11.6067261823936
"214",203.028074032166,-4.26184154830641,-11.9786810128733
"215",205.870337910314,-4.43156029627786,-12.3155132946932
"216",208.45947241332,-4.50802386018825,-12.7323776190304
"217",211.042574488772,-4.56546673537663,-13.1873514637444
"218",213.610277678755,-4.71136657340364,-13.7061153029378
"219",217.238503329963,-4.97050917638801,-14.6437989373772
"220",220.840116716788,-5.06607100376347,-15.8310867293934
"221",224.252277655749,-4.72748166486886,-17.2717274256464
"222",228.640103985397,-3.2958543906626,-19.6914238398057
"223",232.752152341662,-1.55861107523077,-22.3800874284352
"224",236.577170741588,0.492606604654071,-25.2645841856802
"225",239.804353363839,2.65472039641323,-27.9254011351579
"226",242.672648476765,4.65385858432932,-31.0789808075588
"227",245.224369564722,7.2173381054895,-34.0936152400014
"228",247.372109091433,10.819241124742,-37.3248866623215
"229",249.87596249435,13.8494397814919,-40.871108193181
"230",251.586342968524,17.6377982657236,-44.1497939682155
"231",150.351560493833,10.2477291924592,43.0638986889518
"232",150.659955567415,9.37902218339306,39.6906682741389
"233",152.31144933573,9.40829093268495,36.6083426137587
"234",153.175636822213,8.87035779449555,33.2629293915883
"235",154.534435645052,8.78065296135899,29.4635891756982
"236",156.809906137134,9.15360894922962,26.1509831126381
"237",158.559394597894,8.77984712934393,22.5332299611017
"238",158.443506727782,6.91274106056096,20.5769944565022
"239",160.414831731249,5.97636190052162,18.9757804739402
"240",162.447165230699,5.40987703809305,17.2801067067453
"241",164.308317204409,4.65864261044263,16.0766606255817
"242",166.301024801354,3.90723281404872,15.1065559499615
"243",168.340877257295,3.32316955218484,14.1194123967071
"244",169.094942978577,3.17177484530539,13.6396738708236
"245",169.851887393387,3.10540404416117,13.1453928012459
"246",170.651463903579,2.99565957069087,12.7327432629066
"247",172.428314211472,2.77454394823418,12.2307503329914
"248",174.192964344427,2.45939094440806,11.7360161948281
"249",175.9396023336,1.96634516465443,11.3307451013825
"250",177.36360466145,1.39931790187398,11.1512729190246
"251",178.753500030059,0.728829967637408,11.1680112394492
"252",180.057243383504,-0.0757401341029001,11.3533812045452
"253",174.579671676719,8.16370367529095,8.6456031401734
"254",182.120546082383,4.66268717859864,8.82461845519293
"255",189.516785511206,0.863684330988856,8.71623389227047
"256",196.898980564067,-2.93902320395393,9.16254645035333
"257",200.551501939735,-3.3422936624122,9.83286227041183
"258",203.791838024561,-4.39774435987982,11.3622456834215
"259",206.797025438514,-6.52778940970561,11.982633864669
"260",208.726810636322,-6.30954465024751,13.150415648476
"261",210.874466543149,-6.68519791272722,13.7679478747279
"262",212.991772735682,-7.31495914541447,14.2739273653819
"263",215.61269550142,-8.0567653488063,14.9339560093403
"264",218.272318161815,-8.49450497626514,15.7020788051015
"265",220.908530206296,-8.68895040175117,16.6336039296372
"266",223.905205529051,-8.83573847054278,17.7981284923026
"267",226.848828803843,-8.77091141901256,19.0976336193395
"268",229.698437687873,-8.51217206513343,20.5709222295605
"269",233.316811412808,-8.34179415060724,22.6212030674806
"270",236.915835596343,-6.90924928268233,24.1442912496326
"271",239.797809787891,-7.04628564349653,27.1444950894025
"272",243.283925340626,-6.0809444994727,30.3920169952922
"273",245.532003308987,-5.32933616894297,34.635935668847
"274",248.277522893862,-3.94852932641157,38.4025010395378
"275",251.70156951888,-1.93793206651682,40.6817684328914
"276",252.346216314026,0.648172624000849,44.4046644423028
"277",252.118190962016,3.05395196340682,48.2932925226196
"278",252.461147084881,6.91220752183087,50.7898475364496
"279",257.147378580561,4.36307364599732,45.0748286145502
"280",251.746040519738,15.6183497235888,53.9434796865678
"281",238.047194299155,75.7439543545979,27.2703868215662
"282",234.048016451291,74.0472756837757,28.0395704715038
"283",229.723881024342,75.9797121640753,26.595207513237
"284",225.095577560947,75.4003095413812,26.0377099959905
"285",221.659262337901,74.6659319753391,25.6637074996592
"286",218.376862141755,73.4181762881119,25.268621024025
"287",215.324259543024,71.8119949736034,24.5007634703418
"288",211.236910803325,70.1655321460077,23.083476360854
"289",207.610229067796,68.369665159381,20.7047027876384
"290",203.278314830658,67.2299493235654,19.834075080598
"291",199.007786462837,66.27183570253,17.9995159871846
"292",195.638965411662,64.6117301433076,15.0985791067614
"293",192.052575841627,62.7661975009572,12.597678533495
"294",189.673277859276,61.0169969220076,11.1965181058558
"295",187.133253843394,59.9124234438256,9.46096108399779
"296",184.584245168373,58.8650136879563,7.70328774401179
"297",184.52575044295,58.8483773593276,7.6029063420123
"298",184.494155008791,58.8289035178808,7.49156849869013
"299",184.526246809185,58.7911700442186,7.38517183644514
"300",186.611021151898,63.5922280742018,6.71827217564226e-15
"301",189.255345632718,65.6035322073209,-0.805134584169048
"302",191.823568029416,67.7849403099993,-1.381423205355
"303",194.696254777162,69.2270519324994,-2.54480151480549
"304",197.084974305048,69.3622881770446,-3.8698251069738
"305",199.366376462858,69.0453235629595,-5.34458721409066
"306",201.43220153936,68.5110522862907,-7.05549930543958
"307",202.5998249344,67.8834288905479,-9.50061853584723
"308",204.35441345863,69.8841447128803,-10.308888680048
"309",206.306293005482,71.4177401049393,-11.5630426515112
"310",209.038026787275,73.39373574666,-12.8337713942858
"311",211.81992463129,75.3450415956124,-14.0316795376782
"312",214.756956293572,77.0492169542863,-15.2363428054203
"313",217.926969456611,77.7572590819249,-17.082580751771
"314",221.185883579564,78.7829471023972,-18.5946460891418
"315",224.34287248872,79.5029924287495,-20.4583637903943
"316",226.252131054495,79.3783608646155,-23.7678470551406
"317",228.939728102665,81.9129577518377,-22.411187122639
"318",232.098098493178,83.5071615351787,-23.9916304055542
"319",233.590088358327,84.5260154694446,-24.7046528095657
"320",235.001439817437,84.5549955533707,-26.0386341866864
"321",235.324150979844,86.3215327640732,-26.7787730792339
"322",268.244260875535,92.6797271792752,12.8756579637084
"323",267.989189664296,90.8232643226334,14.4442727735095
"324",267.319211348539,89.5771952713679,16.4369774855032
"325",265.342142515262,88.7299484237001,17.5967981735424
"326",263.397726514323,89.5573186685471,17.2566954819393
"327",261.726814806957,88.3839494671564,17.899352159188
"328",259.621170586268,88.004491318113,17.9585134607723
"329",258.249485760827,87.7851510807299,18.2437494201441
"330",256.916852501225,87.3945454283726,18.5313542904934
"331",255.613209768184,87.0272132919677,18.9516514881451
"332",253.980475947687,86.523418472544,19.5886202863829
"333",252.406222298947,86.0647800771414,20.3865880941859
"334",250.90024013859,85.7592497975843,21.3684341805761
"335",249.074380910374,85.2247477248273,22.728357748413
"336",247.359695184547,84.6747468197093,24.2203598109496
"337",245.855162240797,84.022515067651,25.8876174968453
"338",243.284402239134,80.8262040207598,24.1397130334461
"339",242.563531846331,78.1601917413783,27.6264426868415
"340",243.19706089601,78.9048005029717,31.9710824183694
"341",243.146274857702,78.9348827255391,32.0098997276322
"342",243.107637936119,78.9731443535825,32.0550199083728
"343",243.080855852926,78.9975540844562,32.1156566625611
"344",265.259450412552,94.4794943585476,-19.4678533464116
"345",263.187161265499,93.7712839350819,-20.3420715925596
"346",261.126788664141,92.8802925791507,-21.0641622634108
"347",258.979838950217,92.1580252741428,-21.7192366510184
"348",257.495245288783,91.8035317431113,-22.0050050021126
"349",255.978930031342,91.5146192563093,-22.1747142644437
"350",254.474144415695,91.2676577380635,-22.4680223576644
"351",252.797945172293,90.9804996500204,-22.9990275371027
"352",251.155098204857,90.7132554605403,-23.6344107206027
"353",249.553010798733,90.4395168342791,-24.3640894705549
"354",246.238251016729,89.7493938688122,-26.0638977513741
"355",242.96998485271,89.1821315560713,-27.8939399724638
"356",239.733036607714,89.1413401181169,-29.8622193150134
"357",239.715619995994,89.1588481705773,-29.8160905958111
"358",239.728061058982,89.1756994852061,-29.7681308778489
"359",239.755813086258,89.1893478537576,-29.7259208563142
"360",264.402076770946,92.5474696025089,-2.77912892134376
"361",265.635702355887,91.6123444828838,-0.550308318263313
"362",265.578248655787,92.1727304569851,2.09812123524275
"363",266.099413083098,92.3070213065491,4.75434519254013
"364",293.332850373425,74.535175739312,-21.926801511842
"365",296.378268222462,62.9279060443548,-28.6346885008574
"366",268.349344296555,92.7358855774013,13.0078192343231
"367",264.322108527166,92.2361865939114,-4.36349714814622
"368",264.741777539555,93.2059867014372,-7.11534580456233
"369",265.009500108856,93.7494495558717,-10.0001568079622
"370",265.388576549073,94.4233640178866,-12.8447838679051
"371",265.692291210192,94.5769298707544,-15.427208419069
"372",264.813017258799,93.3794641955632,-17.5669006336504
"373",264.307503538402,92.1818838888891,-19.8241309828299
"374",193.661996208384,66.4637455681904,45.9433648669606
"375",195.186493505051,66.0054913518979,44.2483416231072
"376",197.032967963683,66.1784217755873,42.845664380979
"377",199.202771573027,66.0555552798102,42.0185573631795
"378",202.521189087855,66.6343897009852,41.1649538139563
"379",205.401496393822,68.577170047308,41.2353505584371
"380",208.623159151098,69.7742157456851,40.7221657603593
"381",211.611927090503,70.9125782587152,39.0119867300204
"382",214.471381196256,72.9485530511513,39.9248397453275
"383",217.578600491558,73.1112515662792,38.0614998731134
"384",220.754628921589,73.6997914941533,37.1037964441082
"385",223.967348039618,74.7133494146214,37.1040714181403
"386",227.23092708028,74.5207205381429,36.2869838356273
"387",231.675904240386,77.0147245190291,35.696553253457
"388",235.406771154127,80.534848704537,35.5717649308636
"389",240.250162761533,82.1903229120657,35.2156029991261
"390",244.104288218871,84.5171092343816,35.8470364773974
"391",256.871073970993,7.30863606900628,45.641298048844
"392",251.745882088681,87.8429852072523,38.8478596789483
"393",253.86090074978,86.3720007707199,40.0810496930496
"394",255.158027402295,84.6050497980132,41.9122805367413
"395",256.187541049404,83.6241248923526,44.3894703749997
"396",257.720924180142,84.1601419641729,46.1391147438032
"397",259.170443361771,84.7779303279348,47.9326145290806
"398",260.014897003513,85.1534042623612,50.1338500978953
"399",261.308986149842,79.98403582865,49.8928853849108
"400",248.941407120547,69.7879132100438,50.9254657785871
"401",241.857178040276,63.7049890577807,50.8440581410303
"402",239.256346565829,64.3524707751477,51.382471270981
"403",239.13018385819,68.632769279759,53.2386472655256
"404",237.878920241322,71.714129531817,51.779843763495
"405",233.456505156718,71.5271854244056,52.240714611753
"406",229.319179367683,70.8552227438109,53.7361962667975
"407",225.147881878725,71.3342429172858,55.2109434181818
"408",221.443312107337,71.2063818018784,55.4216631322228
"409",217.774706796008,70.7130389763211,55.1328113362091
"410",214.1487980657,71.3780809381852,54.6919547875074
"411",211.064812353332,70.196254914689,53.4887781907438
"412",207.798060983124,69.7327210867927,52.2768069504738
"413",204.530096586203,69.4105440163937,51.0231141021805
"414",202.261127764489,68.9352507138419,50.2053011550824
"415",200.045433416359,68.2351376428343,49.4030024458303
"416",197.689250958548,68.1515520951851,48.7069957408865
"417",80.7658608234436,22.4325089822468,1.67985858200249
"418",82.7644319482301,21.8916876067923,3.24545638087112
"419",84.9313997157124,22.439037408843,4.56569778752508
"420",87.288371842702,23.0025627597609,5.49592603849953
"421",90.4783360356759,24.0438333931189,6.02331975146428
"422",93.6693860289504,25.2038970691669,6.11518648625759
"423",96.9639747529495,25.9560157372781,6.45792700014185
"424",100.374125183584,26.5535317068304,7.6581387357512
"425",103.732414435448,26.710219390033,9.11558116049845
"426",107.103997577302,27.2418919641256,10.448421109375
"427",115.490364265541,28.9643905973396,13.160863448516
"428",123.849514660898,30.8431288052978,15.8545025303458
"429",131.884676921271,34.3713800133281,17.7642142841773
"430",135.282123412738,34.6701117675861,19.3536056746822
"431",138.340158701638,33.5382553916027,21.2309027936521
"432",142.045553452372,34.1842238307692,21.1312689633956
"433",147.682688820354,28.0850190436804,18.647261967612
"434",151.709010158723,20.7646768874611,16.3336101735253
"435",157.455525568414,16.5403753747696,11.4063091286327
"436",160.1392767735,15.9158548446373,9.39552182609123
"437",162.468655053313,15.6960328343245,6.91338434983788
"438",165.411033575217,14.4653369815343,5.70371436044677
"439",162.590868925077,12.930135253296,-2.56337314937682
"440",160.017718488985,13.0939033007219,-3.02891122129436
"441",157.518434320817,13.4973387748056,-3.70330213508479
"442",155.314159471375,14.5226302530201,-4.68035318535061
"443",150.776302426722,15.9810630436636,-6.26093619761763
"444",146.252824690416,17.2247501598167,-8.05144063320947
"445",142.412408561119,19.6401662013692,-10.2040567524605
"446",140.416782129477,19.9175115767584,-12.2368127415911
"447",138.796722755157,20.7803290850564,-14.4330049853015
"448",137.635477120123,22.3087482593932,-16.5559851008535
"449",136.731832908193,28.504588192906,-19.6048119856303
"450",138.569894828719,35.4838961599561,-18.7660759914191
"451",138.283051842479,42.1115905742311,-19.3885117301361
"452",136.736858860337,44.7707437759965,-20.2006618682363
"453",134.363583329459,46.2540257798429,-20.7352013891361
"454",131.497143849396,47.1515118820142,-20.4051163800208
"455",127.656640209206,44.8489015927052,-19.1513922569161
"456",124.637930117995,41.2461211017091,-17.5375199497245
"457",121.49654598119,37.7031286177284,-16.1043654085513
"458",115.751983622181,33.7525275517744,-16.5539594998697
"459",113.282503770253,27.1707486111796,-15.9634103362384
"460",107.406509238897,26.1961438622508,-12.4435259843548
"461",104.570002743258,25.5147118171604,-12.1457247942013
"462",102.296983361818,27.079282003787,-11.154064981234
"463",101.097820096139,29.2604885912258,-9.60338499422965
"464",97.3328273897169,27.2540138941267,-8.76769908469868
"465",93.3261230696595,27.1834996623886,-7.08209086199171
"466",89.4126830996563,28.5627953401769,-5.7849420227521
"467",86.9134716372637,28.0431635462685,-5.31657482254484
"468",84.4793479166689,27.1968281484883,-5.00810167847732
"469",82.090973128744,26.1927567475735,-4.85709623286149
"470",7.60345838265857,-1.18930092802763,-16.5710817647611
"471",5.45870023276405,-1.45666593595797,-15.0788083949916
"472",3.80472291627571,-1.86231416836676,-13.9466105779609
"473",2.3976382400991,-2.19763338784871,-12.5568305057946
"474",1.68628150350355,-2.44125634923803,-10.570601930424
"475",1.12172059014475,-2.78001900194509,-8.6752026518097
"476",1.23158219040576,-3.00188601641444,-6.59002794050364
"477",1.64740088977317,-3.19350898102894,-4.3517223794015
"478",2.45438031175263,-3.47692490548241,-1.86344561070776
"479",11.8126903460853,1.91985692674306,-0.84737129800338
"480",12.1904389111838,0.436645477611415,-18.5017151348272
"481",11.1687578539438,-0.471854333891897,-17.3279779270744
"482",9.74235438311739,-1.32179233478927,-15.8529855398752
"483",7.25596184016298,-3.08738877554217,-14.5627658918413
"484",7.77446756697421,-3.9386159477841,-10.5795396017181
"485",8.687232962128,-4.38821975240232,-7.82930217049917
"486",9.23238272976916,-4.23751553222998,-5.39745109550272
"487",9.79273708666253,-4.11068785240911,-4.16603250557003
"488",18.5596155559262,4.22515464810952,-18.3568954225858
"489",18.9458441622291,3.16209638428239,-17.7616116333245
"490",19.1789126742476,2.924306813216,-13.8073897123722
"491",18.7363137489067,0.523125551310084,-15.2671356681236
"492",18.1631804182231,-1.06870999937753,-13.3635076890257
"493",18.300408576027,-0.588183243092976,-9.43861140305089
"494",17.7815931642831,-2.18565793940979,-7.62523577591989
"495",17.2285949204796,-2.54781705310123,-5.29432926908865
"496",16.3258295531344,-2.48714577851047,-2.89537086630063
"497",24.4645020017011,6.86098940991605,-17.9694440478458
"498",25.6576689369292,5.6180341142538,-17.7431673787892
"499",26.481510998939,5.21178128794915,-13.9060442673524
"500",26.988403638794,3.48019009432282,-13.1744518635686
"501",26.9597600861536,3.45583441243303,-9.92595948611461
"502",26.6731346116361,1.67850667166815,-8.53367906363824
"503",25.9170752302151,1.03971884484374,-6.16295133640809
"504",24.8333370769444,-0.0810852275749339,-4.14005060308559
"505",23.1111778950636,0.0665071021925229,-1.1956912351691
"506",30.5399512179264,9.41215108993614,-18.4961165443262
"507",32.3505543455148,8.24123313544646,-16.6957986899801
"508",33.5995090792143,7.5302364405156,-13.6146626285872
"509",34.4539444250396,6.20057295001077,-11.766720346564
"510",34.7017159243473,5.23973472511281,-9.41605337331922
"511",34.4108180969412,4.37072093810498,-7.0976455941109
"512",33.6297298653071,3.47908736718749,-4.87325594579026
"513",32.3304410776291,2.81788697622942,-2.53277882434454
"514",30.8101512421638,0.452320685389566,-1.26345106656643
"515",36.8641200252486,12.0518811449017,-17.5780440151882
"516",38.971022532441,10.9468551448197,-15.4001365763797
"517",40.5011691365797,9.95644316382874,-12.8391072552105
"518",41.4280349196437,9.14168695925308,-10.1331254177549
"519",41.8730990477186,8.10182994963265,-7.7340916658015
"520",41.7039290344416,7.19866451733456,-5.33032568805832
"521",41.1019611785493,6.03132184970775,-3.21727984153527
"522",40.0312926780709,4.76756283037382,-1.18832009949128
"523",38.74982056484,2.04523490631235,-0.607272598684615
"524",43.4684592443684,14.5955880249798,-16.7236414162202
"525",45.585930713686,13.4458236610155,-14.6454269928452
"526",47.1884555462888,12.3883113068363,-11.9036906240159
"527",48.098973273529,12.0865252768019,-8.54632231170632
"528",48.5462639677158,11.4202494769792,-5.58672936567229
"529",48.7142571515327,10.0075138050161,-3.27168258855031
"530",48.4279121585937,8.46119080728562,-1.21491154665187
"531",47.9535509407292,6.48332479132124,-0.0148740964798882
"532",47.0569579464221,4.35700868155136,0.422184414107421
"533",50.5204380595558,16.870805764959,-16.5559703153991
"534",52.2887319487342,15.493467362123,-14.5621350925149
"535",53.5375465446183,15.378981257877,-10.5209553089369
"536",54.4740661024134,15.2793873893566,-6.88802739009454
"537",55.0646817191152,14.5838024450426,-3.4559702113885
"538",55.6512883392817,12.5590514788213,-1.15820022501457
"539",55.6768762343969,10.7508946255065,1.12285835910613
"540",55.9860628918691,8.54860026772529,1.31530824015371
"541",55.5456308208997,6.77622121240123,2.43383439243261
"542",57.9462328811197,19.0551497599782,-17.0653818077556
"543",58.6847858079866,17.6411014381612,-15.0994345107124
"544",59.7202092513155,17.4329464516621,-10.4859426106106
"545",60.8181330369363,17.0115282815174,-5.90717553085643
"546",61.9414067999115,15.9344725754869,-2.2782194963233
"547",63.1286746934665,14.3932261700971,-0.444557112757149
"548",63.8063942082506,12.7774048689322,0.764353957308793
"549",64.3639034262392,10.6645948037216,1.24676448125677
"550",64.8016709679107,9.43033750213238,0.765896813884214
"551",2.21281438044993,-0.254178839316329,3.25647373472762
"552",2.98078210468144,0.114956911809871,4.38924313331227
"553",3.62104121245039,0.651733682040749,5.52803989260011
"554",4.44757405276901,0.727642195140397,7.06383719646693
"555",4.96381526126012,1.55746247172142,7.9163639080703
"556",5.52847195387692,1.11239422506769,10.4095586695056
"557",6.39561024103595,1.98745595650112,11.8785746939578
"558",7.22979088890318,2.41023477321777,13.0116477146027
"559",7.68164243918052,3.15721818282823,13.4061861607375
"560",9.98417522147134,-1.19022201501366,4.25369025151392
"561",11.2279861993417,0.215985040934096,6.5440670905048
"562",12.7141174989252,0.436343790683317,7.67516667283325
"563",13.8243164331001,1.05956134911204,8.33093426904444
"564",14.3839095469313,1.64378272059928,9.65215422719956
"565",14.6735564154387,2.08529644680626,11.8561275140359
"566",15.0136914911781,2.02797532831618,15.021649282368
"567",15.6679973727759,2.63860795727524,17.5329738579697
"568",17.2085849098891,3.16592792199362,18.6616978536539
"569",17.4435365379193,2.12012524766371,4.34548175697353
"570",19.4494763581205,2.55429286075696,5.61744911047388
"571",21.0228269545904,2.99352113200676,6.86310922725296
"572",22.1796329901788,3.39998647536562,8.33163428137983
"573",22.8927892813842,3.69990769965395,10.2293890987005
"574",23.2215548889931,3.90397630855885,12.6469003576754
"575",23.3097441582529,4.17892792039625,15.3847817727892
"576",23.468070411303,3.85028678509941,18.9738857080898
"577",22.6041736686091,4.67248938136573,19.8789473200064
"578",24.9863444648811,3.83928275289211,5.04090333885099
"579",26.9212108104873,5.16837108019626,6.06815082255454
"580",28.6157334578099,6.00492582660433,7.36443465446086
"581",30.1752892297765,5.46954279878661,8.75810390217717
"582",30.8204988062243,5.94812865106215,10.8547687334309
"583",31.0771423083646,5.92254539460337,13.3349250512016
"584",30.8879569452025,5.8749806622752,16.2359830784508
"585",30.3618555911459,5.57507152686589,19.6391429931084
"586",29.1616218895928,5.69839768160701,22.0863644415258
"587",31.9304600537081,6.46498614269168,5.56863228412387
"588",34.4718229916337,7.09748330965951,6.40660849341885
"589",36.308311888628,7.59331572245811,7.66317375060738
"590",37.4646394951506,8.21965183036042,9.41956838546932
"591",38.1318043390113,8.58328164018363,11.4846250436565
"592",38.3377571949073,8.23320891495549,13.9070871977045
"593",37.9635323955647,7.77598370875861,16.8768850404025
"594",36.8050010810073,8.59461849975865,18.9260863208966
"595",35.4154856369688,7.1969494824919,23.1700825106006
"596",39.2998022383727,8.78337765422147,5.62215791715316
"597",41.8019341703708,9.02099637897461,6.52061009505357
"598",43.6405665553122,9.01393863292131,7.76062404327169
"599",44.7125044421885,9.30057112846984,9.55781634364896
"600",45.1156835029868,10.1594162498509,11.8431126302658
"601",45.135933792968,10.0887140219549,14.420389588139
"602",44.6273371864707,9.65399864967064,17.4548762135456
"603",43.6206254848481,8.89232992437272,21.0522887577709
"604",41.6348424324501,8.9879410190166,23.8414219549757
"605",47.0691375938233,10.6741156217357,5.26882838530885
"606",48.8081353536798,11.3344358493278,6.75796790912768
"607",50.0459839289137,12.2744264740585,8.2411417824102
"608",50.923131060714,12.8654162198333,9.89191278993872
"609",51.4321806712048,12.4178262878575,12.0312150563197
"610",51.4286414938917,11.8014078908701,14.8006123720821
"611",50.9072866535833,11.1927032989976,18.0706443065005
"612",49.9430990949146,10.3994228775386,21.7556079019898
"613",48.2144298533453,10.1851449273132,25.2392591916954
"614",55.1834717995457,13.7108844345656,4.94230097592501
"615",55.8617185189813,13.861920010046,6.34246272874325
"616",56.6145310635413,14.2263710559211,7.83215774411912
"617",57.1266921716972,14.3550901384577,9.60525247416732
"618",57.2472522085322,14.5275929909524,11.9024563736002
"619",57.0490723145037,13.9329487878805,15.0080977971777
"620",56.5139901497935,13.0569833892688,18.5783311775638
"621",55.7838022434853,11.8359476675424,22.4370058416827
"622",53.0782825072371,12.8632264789603,25.5970171213027
"623",63.6454941544438,12.774399546909,4.87377672509552
"624",62.9540105919013,13.5985017477413,6.17005057214683
"625",62.9784150490973,13.7079726434647,8.62683776793586
"626",62.9267128897224,14.5092878381554,10.1945361998862
"627",62.7057017720744,15.6006347824461,11.9185471769216
"628",62.1800994078489,15.8510316675077,15.1496584720875
"629",61.7594544619468,14.4122011256664,19.3307369954096
"630",61.121194664955,12.9047363529213,23.564942326745
"631",60.323890868683,12.2643473963396,26.7824816909764
"632",114.200362663762,21.4865035876824,-5.33381379833281
"633",121.981345108638,19.3664566013111,-7.96101844392967
"634",122.412497458536,19.9823179326179,-5.30539337235512
"635",118.881186434274,18.2114780038701,-4.26853254899906
"636",113.514693466454,16.0404653075077,-2.92404301875319
"637",108.772184716265,13.6190372930461,-1.65872553224258
"638",106.912718024617,11.5863207303731,-0.790584288027878
"639",111.088859694116,11.7066993930553,2.68912432774174
"640",121.248261380074,12.5860682309388,1.95476746649112
"641",116.646538845942,20.6065267673752,-7.20534581127284
"642",119.384694524075,20.6197676171214,-5.72190504149953
"643",120.668621865166,19.0794884050649,-5.02896717118278
"644",120.624198413434,17.1999005076372,-4.28048828468528
"645",118.935344689758,14.9040097280581,-3.67541639792288
"646",118.085989422316,13.6134164813337,-1.75454167892271
"647",120.136238233483,13.2169561989376,0.700586417498147
"648",124.084017618368,12.9638688235511,1.7967886037138
"649",129.834455586011,12.6367035969041,1.48069026600553
"650",119.409776984835,20.4226913990024,-8.14819539184554
"651",121.138772093176,18.7935623108397,-7.05711509592702
"652",123.09459475778,19.0453650919339,-5.09966230290937
"653",123.903327087681,16.0806903768436,-4.62388555197164
"654",124.525074227824,13.9952319522471,-3.76086421311765
"655",126.311937595893,13.8884356823085,-1.35699992241214
"656",129.45380258612,13.8646384848787,0.740227246788029
"657",133.314252953705,12.2900903996296,1.02412461181106
"658",138.517213735286,11.4912793215782,1.30621309358901
"659",122.065813553129,19.7529871845874,-9.03154109778211
"660",123.899322474736,19.3251627400283,-7.03658620389502
"661",126.28284080869,18.5911634692511,-5.31370632315577
"662",128.166307376875,15.6616899246167,-4.59662215576409
"663",130.293845548627,13.2235580154372,-3.74144731835694
"664",133.565468973082,12.9011291851239,-2.03679176558119
"665",137.45031196897,12.1562157787949,-0.798181575316092
"666",142.104448474034,11.478325183976,0.249066794486298
"667",147.148740150114,9.81733568621474,0.76950010309304
"668",124.632339672355,19.4641021653359,-9.7571180110294
"669",126.965423755206,18.5282724408274,-7.51891807124116
"670",129.905503501753,17.5890026659726,-5.70579783878077
"671",132.828875596683,14.8965788130962,-4.79246638659539
"672",136.319228582916,12.842908540342,-3.67464980294854
"673",140.861832101008,12.8179533459945,-2.29926250288759
"674",145.355301610525,11.2431348907762,-1.41469924540325
"675",150.176864305675,8.91449863640441,-0.709796992994281
"676",155.737830838959,7.6433720452185,-0.0380898004987309
"677",127.05816447298,19.073862380153,-10.4060998846653
"678",130.086234165896,16.8298436613972,-8.65101742970268
"679",133.607032638399,15.5968931912524,-6.50254449461839
"680",137.508016121814,13.11695847071,-5.16770953906153
"681",142.442154269307,12.3886658549901,-3.80626587466294
"682",147.604519736905,11.0262665894964,-2.80289563761657
"683",152.932099287147,9.47703197293847,-1.93201334070293
"684",158.510809460134,8.10836819670219,-1.18192600871042
"685",164.250771303903,5.56822193046593,-0.604705321777748
"686",129.610606238793,18.2559952122135,-11.4573844170413
"687",133.55753452938,16.6985105416838,-8.64625272114816
"688",138.002726111104,16.3758310299012,-6.00094236918421
"689",142.69199995003,12.1282756004038,-5.16239052471313
"690",148.079975145985,9.75338316006616,-3.80429877896387
"691",154.602286188474,10.1253664445982,-3.22790174223824
"692",160.381521027843,7.59181327696965,-2.48418339480417
"693",166.862356662614,7.18366019416068,-1.68923129923673
"694",172.966990256885,4.89822208614422,-1.12544509332366
"695",132.654210023667,18.3888704130716,-11.4482382432534
"696",137.453510712081,17.8486052185602,-7.00311611304914
"697",142.452908364968,15.6759661113391,-5.72389373467063
"698",148.327659499108,12.2189991656026,-5.07489094840509
"699",155.051836106081,11.8421774732742,-4.75933818007412
"700",161.416228067525,8.91339020874733,-3.78030417448684
"701",167.701203892185,6.08126062793784,-3.4197854484311
"702",174.923666499647,6.02904848552431,-2.31500319967321
"703",181.173652136666,3.0705260866041,-2.00549523603929
"704",136.609898166139,19.2671553260777,-10.3736365292515
"705",142.187281447025,16.0246181948755,-8.41998780386884
"706",148.069203892097,13.1261036657114,-6.18519673752639
"707",153.822709102019,12.6018933202777,-4.97439134100832
"708",160.916806232045,8.77733062936478,-4.20435931500603
"709",168.544664687324,9.26225067919572,-4.93705534237423
"710",175.033442098233,5.95607347866246,-5.09133215892654
"711",182.320195634916,3.61292397089543,-6.55057314293312
"712",190.196613165184,2.25210121604818,-2.19033292997719
"713",187.780079894218,1.77850878591393,4.87763831811717
"714",178.89205090605,4.24649209326817,4.29164253014707
"715",166.887104199225,8.96653869335919,4.60669693123822
"716",154.917798586645,12.0871677407319,6.73142889681391
"717",144.204806038849,15.7089649259943,8.39371791923382
"718",135.76840469678,20.0482254476879,8.46162107554146
"719",128.56909212979,22.467355668996,7.82362570172145
"720",122.659884551824,22.7601467290388,5.75437226858259
"721",116.033976092373,17.8664236581952,3.54896291457216
"722",179.218113687344,6.55846730512391,9.51944229087482
"723",170.075388731023,11.1914190591286,7.83792772753165
"724",161.145588379774,12.3069850350925,8.60182965082205
"725",152.070313739812,13.2598722209418,9.67008367260074
"726",143.642006975473,16.8277079710624,9.79531027974521
"727",135.960141868348,20.1217011683636,8.70808315803315
"728",128.387568950396,21.283064312356,6.90142356130343
"729",120.642149734316,20.3483606873091,5.25876652181092
"730",112.585699315409,18.0733095854289,3.76996968611314
"731",165.335035679603,8.9940946886075,11.4401663592171
"732",162.69484219864,13.0309781914365,11.4252478013438
"733",156.783235712553,15.1465778239441,11.3327208998194
"734",149.023194290473,14.0341091574145,12.2776079517633
"735",142.749688234793,18.3745786930575,11.052472627106
"736",135.632625154205,20.7855840296962,9.28353304160408
"737",127.896351836393,21.5271321081496,6.97546404609791
"738",119.389545706666,20.2723468539377,5.04069734365739
"739",110.173721945009,17.6903225105651,3.8443602428154
"740",159.966898654939,13.5065843313219,14.5785460236608
"741",156.881587475259,15.5880382406432,14.0750993706663
"742",152.900876272454,17.8167163060357,13.6281013560801
"743",146.670199888848,16.3214145413179,14.0226848822702
"744",141.364115015167,20.0171179198375,12.2998305587531
"745",134.775573086917,21.9218369012804,10.1006458834137
"746",127.152280560498,22.3866100313476,7.53836818644715
"747",118.459979930622,21.0161319169735,5.39209487838382
"748",108.806634122637,18.3080338053062,4.03320183104727
"749",155.150843018684,15.9668993398614,16.3207391023724
"750",152.52787610095,17.7836903409573,16.0345865164152
"751",148.722653982608,18.1959589221127,15.7407482763032
"752",144.813686028888,20.9755056319748,14.7092168212782
"753",139.440070956534,21.5918447531027,13.6355394112202
"754",133.413536991578,23.586283231205,11.1138992779495
"755",126.132293029413,23.8453520179935,8.63859091886488
"756",117.613208500705,21.0997101602135,8.00602865906643
"757",108.306243046548,18.7913015929771,6.65828902997058
"758",150.875579834424,17.3550145681672,17.5218666562045
"759",148.153244807045,19.047969500619,17.5395873208099
"760",145.120606611951,20.5030318978144,17.1977140141953
"761",141.597133551189,22.4293780329319,16.2671455161528
"762",137.035538785915,23.3269947205325,14.9573447206815
"763",131.538199007407,25.165895418403,12.6095481782203
"764",124.858978796568,24.4985645836191,10.8762246951209
"765",117.26150353689,22.9814776419318,9.37596666969893
"766",108.833705824153,21.1456184954181,7.81601463304796
"767",146.566228336839,18.9828873406032,18.4945596152763
"768",143.805630191626,22.1505069268848,19.0698576662139
"769",141.288778268982,24.2499135395792,18.5484089902162
"770",138.04711305603,25.3841288389141,17.5378423289793
"771",134.121003165475,25.9115235127924,16.1721673538302
"772",129.336566894481,26.5036524827094,14.4271942635272
"773",123.738234214056,25.8202986682961,12.8173075785065
"774",117.298179516804,26.2706116034083,10.2489670033526
"775",110.394759829596,24.2365992998404,9.03618331064248
"776",142.896431067793,22.853007615018,20.1929001542515
"777",139.319463998176,25.6077366085097,20.7359078686452
"778",136.736506106759,27.2475935541424,20.1107940650639
"779",133.77789794269,28.0134177721396,19.0906770919023
"780",130.527653942036,28.4056046065785,17.7653203362298
"781",126.778526214049,28.6958027000237,16.2330757195982
"782",122.556453615466,28.4638780335948,14.5962301756322
"783",117.974315329382,27.5637807949392,12.9992425858034
"784",113.228571275498,26.4439667132065,11.4099411465612
"785",136.605054892145,26.7970006760262,23.2248343043619
"786",134.365851546507,27.8377531931994,22.24916092388
"787",131.895293682139,28.0633719591246,21.2233711195482
"788",129.393830916226,28.3461955760806,20.193900530096
"789",126.839991642154,28.5209188814997,19.1795650567189
"790",124.30405540511,28.4647851438007,18.1379648954107
"791",121.824013512598,28.1951020074583,17.0744886263965
"792",119.382208657665,28.02359685924,15.9981615945612
"793",117.031814352161,27.7131576236891,14.9454960637371
"794",255.562918818289,21.6615400980442,-44.364065105788
"795",254.094519168105,14.9377601969461,-39.2956061494752
"796",250.033984518159,9.19301361868768,-34.1886134458996
"797",246.148400144195,4.43350352087565,-28.6045209437167
"798",244.593411983348,0.270591448111525,-22.9378915823979
"799",245.883346905561,-2.77146340685508,-16.8200722617632
"800",249.728418361843,-4.62355788101573,-10.8182881907696
"801",254.984597995183,-4.83920263137759,-5.70055637060871
"802",258.427744150088,-4.35484787889662,-2.20516740281556
"803",258.929654985598,28.3069614563872,-43.2787024902456
"804",257.728942751472,17.2227850920255,-40.7818562046595
"805",255.630451291874,10.383336127108,-35.1993185105203
"806",254.232516608491,4.41404275700154,-30.1612750355592
"807",253.593763016134,0.153504707974372,-24.4449911753277
"808",254.516405182082,-2.46323138668596,-18.4030210816317
"809",257.245931637243,-3.99791374512495,-12.5831185373554
"810",260.771809312559,-3.94002920695103,-6.76890069439417
"811",264.3842058319,-3.0620257728318,-1.53781143948673
"812",263.240918977621,32.2815668011032,-42.8750393318629
"813",263.064174127454,20.7424736755339,-40.6269434654954
"814",262.467856685703,12.0045094667537,-36.0625080798821
"815",261.968213926784,5.64656565179437,-30.9145855702497
"816",261.677335406192,1.54860075400832,-25.248087649199
"817",262.315213879262,-0.767113070998923,-19.2649948082543
"818",264.234598653773,-1.85883289015391,-13.0645307578717
"819",266.852010562483,-1.8370136974402,-6.57030778211873
"820",269.88558821637,-1.43156958122562,-1.05353908809472
"821",267.940843139721,35.3515782629148,-42.4500054082073
"822",268.156592855158,24.5366074021998,-39.6863440251371
"823",268.91859373697,14.8041902838534,-36.1065952716716
"824",269.070036752346,8.2685115530992,-31.0379715591081
"825",268.924327770511,4.42330693781303,-25.4841247388407
"826",269.310459065089,2.13107019260206,-19.5675855472733
"827",270.534280216096,0.840083766310345,-13.1671531311105
"828",272.1677195455,0.837080244182585,-6.07577557969621
"829",275.094913653201,0.523428523495897,-0.914030137302047
"830",273.143687715264,38.4136302843201,-42.9663325668415
"831",273.944230730647,27.949038582669,-39.6923886818827
"832",275.17502619533,18.5286677837864,-35.8118423117727
"833",275.709570153566,12.0337405610073,-30.7468979983161
"834",275.841203056333,7.89641839165664,-25.3448191794623
"835",275.86056176035,5.58458663532938,-19.4836049212718
"836",276.395924902607,4.11559656963517,-13.0465749428465
"837",277.511001981757,3.47165099671238,-6.10785303865559
"838",279.756944164989,3.21286769723428,-0.372733581533573
"839",278.559903918877,42.0522773015746,-43.2053749474999
"840",279.708949375832,32.2919541849037,-39.2347338740672
"841",281.368791210599,23.1858313876687,-35.1978823742304
"842",281.919872746732,16.9390984229674,-30.007851936945
"843",281.844993317455,12.930784496686,-24.5857247008365
"844",281.911816576999,9.88720241475128,-18.9606034377605
"845",282.221799706367,7.71370862108285,-12.8868545739141
"846",282.63080408656,6.77664289240196,-6.21920443931949
"847",284.108792554099,6.19167140653754,-0.202407273321432
"848",283.983391655465,46.4149331914123,-42.4387227360338
"849",285.144013009526,37.576483346149,-37.8340819523719
"850",287.019439126808,29.2277744516048,-33.8540457369493
"851",287.527058821381,23.1767049380323,-28.7132939686868
"852",287.818636323351,18.4709780726806,-23.4828649012152
"853",287.693922201557,15.0493409496022,-18.0682683692659
"854",287.55074423406,12.437889415685,-12.3824420545009
"855",287.475461407849,10.7360010066955,-6.28287774145357
"856",288.185783820118,9.48720938121576,-0.293909991675183
"857",288.620635834828,50.6885882144169,-39.8840495775634
"858",291.744154477567,42.4018730367484,-36.6982369537483
"859",290.9726645465,36.9562932496667,-31.0769452487407
"860",291.889086463983,31.0654683918132,-26.5487391513935
"861",292.476310026064,26.0779122547816,-21.6876073500437
"862",292.811922597917,21.8428130472615,-16.6658229376782
"863",292.646966839292,18.322658535226,-11.4825090824218
"864",292.070230238586,15.5641855277716,-6.04894626818396
"865",291.865747966339,13.2105273365969,-0.421301407135788
"866",296.198954368697,52.9783233158283,-37.369964833352
"867",296.973315753975,48.0746081610546,-33.6101705369132
"868",296.77177277507,43.6491247576543,-29.0180498246079
"869",296.010139872745,39.5586491590357,-23.9067236049951
"870",295.81657148172,35.1396174388743,-19.1271815130888
"871",295.912773602803,30.6322097244161,-14.4834969404631
"872",295.918103331366,26.0728628538055,-10.0139634213419
"873",295.468628792023,21.6704609400663,-5.56471220567602
"874",294.740338667933,17.665125099291,-0.423771851549855
"875",258.760922760383,-4.24765992673301,0.960354029911223
"876",254.619521482248,-5.73094117059474,4.21313252992188
"877",251.263466654992,-6.1307839873992,7.9906495776395
"878",249.522746014787,-7.07038244186748,11.9661610529373
"879",249.359347725317,-7.48013956923196,16.2651231496035
"880",250.64576304337,-7.68046571261711,20.975564208661
"881",253.106648773512,-6.70746705413749,26.5451577164479
"882",256.172223275093,-4.72772449150362,33.4801077861418
"883",258.78516351784,1.1679534053816,42.9004396826364
"884",265.211700897808,-3.08871653987894,1.36225552933116
"885",262.333937759657,-5.20434959747958,4.88830122090225
"886",260.423832466453,-6.6091882992964,8.79671439759586
"887",259.328621455697,-7.10764553699507,13.128762427478
"888",259.229947528722,-7.30337837934132,17.8594200562292
"889",260.079301274729,-7.00252897669419,23.1448057356636
"890",261.83038528342,-5.8229527537617,29.310052846218
"891",264.33511125646,-1.22356901884663,35.7021018867901
"892",266.565251940686,5.18298545715637,42.8725841837324
"893",270.897054041603,-1.82262225954635,2.062757667125
"894",269.207474317848,-2.81738811797284,5.42810101811104
"895",268.376520341851,-4.23995754892446,9.46841142758418
"896",268.068290133872,-4.98635216892638,14.0309834423717
"897",268.306631655133,-5.25978868127227,19.2611575401393
"898",269.157292546582,-5.53138042416963,25.6450179231324
"899",270.615046680218,-2.48972307295352,31.2890665453059
"900",272.566032739608,1.79992410300601,37.5157991977689
"901",273.735764828949,9.30803365279496,42.7336038063024
"902",275.887321019321,0.198914374471866,2.34211205051801
"903",275.406527578089,-0.367927482234732,6.09579394749834
"904",275.373701559568,-1.16699315460483,9.91652484009569
"905",275.689946231158,-1.84626811011829,14.4892273399094
"906",276.143728531336,-0.799325444306254,19.1610280735503
"907",277.28426214677,-0.951336696474635,26.1370714533666
"908",278.567283913355,1.62444781239337,32.3358552169968
"909",279.688224267601,6.58381750455926,37.6763504969357
"910",280.073974666752,13.4870665484771,42.3236992879135
"911",280.382879903504,2.85463868770584,2.62754553880821
"912",280.819377540302,2.5313484960558,6.66797292883682
"913",281.422518011852,2.19657416933193,10.3705615272967
"914",282.202813278378,1.9352932310287,14.7752698515693
"915",283.098428065857,2.40367653285722,20.066556748423
"916",284.03264203831,4.07971807512443,25.7894814282847
"917",285.024180385527,6.94978583085908,31.7011692353995
"918",285.2015168235,12.0467741276659,36.2531097645125
"919",285.521079019529,17.6371015315366,41.6204180967588
"920",284.612050298555,5.60404736943408,2.84677184049259
"921",285.731124821391,5.48065330404776,6.97689994233914
"922",286.708507642208,5.75970564412268,10.8308617552104
"923",287.743480649097,6.14965311156135,15.1217310641207
"924",288.856650392666,7.01289138502038,20.23870920715
"925",289.950465935006,8.81336756414685,25.9180257072873
"926",290.234427912319,12.3635197419643,30.735933391986
"927",290.25705736332,16.6846589922728,35.5612153795895
"928",289.779525483925,21.9762480589338,40.2243597983864
"929",288.703858286965,8.60971056196901,3.01925012928891
"930",290.149664077746,9.22777200558882,7.1809445431187
"931",291.467055094536,9.72789447223631,11.2671942807921
"932",292.464360646347,10.9117040862178,15.4915288234948
"933",293.821570034561,12.0479414225514,20.4906770598314
"934",294.083720073472,14.836673518645,24.93958530728
"935",294.32039803911,17.9430373643196,29.688739724465
"936",294.148051727213,21.6632253104412,34.335660831048
"937",293.91361031406,25.7984397013898,39.3902996368966
"938",292.361220136102,12.7013832199866,3.15742489736298
"939",294.189226416648,13.5726184895468,7.33042814074981
"940",295.29599607443,14.9569965652482,11.4354871949085
"941",296.556536583166,16.2615922741587,15.7377707704797
"942",296.963350243352,18.5768576591295,20.0001700727321
"943",297.078031684894,21.0459306734884,24.3069758741968
"944",297.603472324474,23.5209894785713,28.9608477638023
"945",297.771994335706,26.4318208887815,33.6507067658155
"946",297.284637314239,29.7202045652054,38.1517630526947
"947",296.562893532612,17.0563346282616,3.3374378174018
"948",297.427978321975,18.9748088497529,7.35039163593577
"949",298.570926619076,20.7069110063694,11.3412175241195
"950",299.226058237317,22.9885974586308,15.5291556775368
"951",300.28951247858,24.9967143853549,19.7880983514107
"952",300.47072579634,27.320292042163,24.1071520456762
"953",301.365567074848,29.5249089057725,28.5280663398882
"954",301.888971877344,31.9224026760961,32.9681774995871
"955",300.737688539404,33.4686497167211,37.3335600465515
"956",61.0549591424464,20.8182335451977,-17.8350682311882
"957",64.1617985890415,20.7629759307938,-16.8765759508135
"958",67.0451980872838,21.5639209917515,-14.9732315402927
"959",69.9164215027121,22.2895915437887,-13.7333633990362
"960",72.9987487759185,22.3469278116383,-12.0468228958868
"961",75.7045874955156,23.1605229229039,-9.8557023974356
"962",78.5570564191577,23.7021566609275,-7.7304193891969
"963",81.5751778864281,24.0204489374002,-6.46407336656926
"964",85.1641019215494,23.485517546613,-7.3215741540073
"965",70.192976024716,25.5432111481348,-19.7071788925728
"966",73.8629177501832,24.9691339128031,-18.3937298630178
"967",77.2057001852441,25.012719218333,-17.0013811397739
"968",80.2024014192748,24.8796404795559,-15.8244435824992
"969",82.7175608255514,24.9444711862981,-14.1397577657366
"970",84.8137430233052,24.8876146912334,-12.0016178824362
"971",86.7867100727988,24.3319834552756,-10.2546140623843
"972",88.7557471953693,23.529722749053,-9.19690823105956
"973",90.831803978674,22.8546356699546,-8.53209069684798
"974",79.5206376624902,29.4484563840633,-21.0582348365255
"975",83.5794069584286,28.6628778486593,-19.6625951943382
"976",87.0458778090828,28.2160941867787,-18.1349502798033
"977",90.0296674416098,27.7792808588355,-16.9344556330774
"978",92.2188040421809,27.1368632720668,-15.6246959200355
"979",93.6302648027153,26.3390729304532,-13.8976450872338
"980",94.502822849431,25.2896181409581,-12.1183661340071
"981",95.0725567296524,24.1297859659062,-10.2579655236452
"982",95.366687512133,22.97893004051,-8.12818419875736
"983",89.7020650318675,34.0647050356908,-21.3998503303385
"984",92.8737016866345,31.8339722301722,-19.2681450841342
"985",96.4209832419996,30.7503018047085,-18.6913471774965
"986",99.1639843033509,29.7252397883016,-18.3873596667177
"987",100.657848437569,28.3755983221863,-18.0796945431206
"988",101.371687148083,26.974236649113,-16.8592232258594
"989",101.649043568631,25.7380936557536,-14.7177067035384
"990",101.430366335408,24.5356158958732,-12.0191879337854
"991",100.45887485252,22.9742229567099,-9.10507016126004
"992",99.536778387737,37.9075663716322,-21.1196682385861
"993",102.046439725157,34.6305283338943,-20.1107596478434
"994",105.094743899971,33.1293034718412,-20.8546082349374
"995",106.962336186225,31.4777715004108,-21.3784038941076
"996",107.519417563503,29.4518353442432,-21.7823270222406
"997",107.832691728976,27.5469486991886,-20.3308815113768
"998",107.778194182357,25.951327232752,-17.7649225043451
"999",107.103880091926,24.5639860967044,-14.5085822504555
"1000",105.628217244376,23.0217616955021,-10.7431774113536
"1001",109.655385431369,41.810640387601,-22.638961125962
"1002",111.409249162005,38.2351418782211,-22.020485704452
"1003",113.131040576601,35.8743744867353,-23.4942018805643
"1004",113.853887823715,33.4789450982034,-24.5413179331198
"1005",114.32932329367,31.0504816347088,-23.98399083563
"1006",113.583310479294,28.2822200423638,-23.6152514782283
"1007",113.592657487305,26.5124688788664,-20.3915998067279
"1008",112.752120013311,25.1882295036977,-16.7059016377813
"1009",111.073564541382,23.604436081641,-12.4592977030516
"1010",119.513285201165,45.5403808093295,-24.8397405368406
"1011",120.195014812199,41.908394000632,-24.6845198322705
"1012",120.768286501368,38.4985961153416,-24.8550282957256
"1013",120.439020419081,35.5247171668522,-26.3436692966947
"1014",119.637401821737,32.3106914208886,-27.4757702384144
"1015",119.121524966006,29.1518725601714,-26.3031514310664
"1016",118.809096261784,26.7577374427663,-23.2055520894764
"1017",118.132754709016,25.4090387872015,-19.1864735236468
"1018",116.575517810908,24.5724092645826,-14.5052029664476
"1019",129.531731551899,50.0893777820409,-26.3610516161428
"1020",128.411848798767,45.2807421869968,-26.498928477695
"1021",127.512869391032,41.1328341856816,-26.4124917967974
"1022",126.319136774695,37.5715618450592,-27.413133198084
"1023",124.988158373991,33.7343729667435,-29.4521156760593
"1024",123.699029561646,29.4506050737573,-29.4635423467854
"1025",124.064694778413,27.1852170635814,-25.7125791534865
"1026",123.357830613683,25.5786892702461,-21.8102165123276
"1027",118.331418687046,31.8107871216583,-21.8336664627565
"1028",138.466728641612,54.2641698550871,-28.9056590979774
"1029",135.789668661606,49.0720062457573,-27.7369007339435
"1030",132.964932697102,44.2270401897914,-28.2857666930835
"1031",130.924776701409,39.6480792831462,-28.8288849713019
"1032",129.627564744078,35.1425274318827,-31.0940130864074
"1033",128.303470315343,29.5283768458527,-32.0266701378415
"1034",129.813224629334,26.7321208840791,-29.0271664086981
"1035",131.011079351035,25.4506820458169,-25.8608049153633
"1036",126.328093242632,24.7713763551361,-19.788977008148
"1037",84.157246546665,22.0795055298157,13.6658189294923
"1038",81.5328712123381,21.4752047425135,15.2112801874832
"1039",78.9807970011888,20.2598509508761,16.7231442392557
"1040",76.1794758346873,19.4434924767648,18.8079188666956
"1041",73.9124547038175,17.8033491340816,20.1998461754267
"1042",71.5243868294098,16.0847588114567,22.0471918930648
"1043",68.9760153766832,14.674165816423,24.0803423112708
"1044",66.4163800831429,12.7509681680217,26.217707416436
"1045",63.8329100185745,12.6327738163096,27.2931177491953
"1046",86.4851900870216,22.0843333972098,13.3383213700527
"1047",85.5461894451662,22.5528049411617,16.5347521821861
"1048",83.5561585032696,22.8192107662585,19.4980757728456
"1049",82.0137585940002,20.2978896073076,21.1405971894392
"1050",80.592911698723,18.3250252897619,22.5876620867457
"1051",78.4965613518923,17.6100953302905,24.6417477111811
"1052",76.3874270566434,16.9085776359657,26.3484935196893
"1053",74.2137997357116,14.7713909081273,28.5498149671034
"1054",71.7208453286943,14.7490219162559,29.8667374598087
"1055",90.0252343079981,23.5659907693979,14.6947427237657
"1056",89.6135325560885,23.7895520408332,17.6898660427502
"1057",88.7895383321156,22.7150818214763,20.3799334785512
"1058",87.7865955927451,21.5438949526195,22.741536221104
"1059",86.781557566267,20.0894185025317,24.7164996452625
"1060",85.5489366085779,19.0743549755256,26.5997287306102
"1061",84.0192973951479,18.3917325800491,28.3966323865559
"1062",82.2533757348708,18.322258613445,29.7563856286942
"1063",80.1617080069377,17.537916144897,31.6106249497465
"1064",93.1334947316251,24.7608782257808,15.370416504809
"1065",93.6055465077028,23.0390962197893,18.5697418198473
"1066",93.7059074361874,22.9537296107674,21.2671928305262
"1067",93.5697933559807,22.2059601833547,23.7437716384386
"1068",93.2103337030963,21.3197958101111,25.9582028049142
"1069",92.5887927375205,20.8476753779446,27.9218821096445
"1070",91.698512927904,20.8567989679202,29.536745679496
"1071",90.550770782208,21.0060832542458,30.8454983924584
"1072",89.1214958952488,21.0280493904038,32.1014900612889
"1073",96.4415041031954,22.2599308006518,16.6252139093104
"1074",97.4534826364336,23.3151841446014,19.3408409690176
"1075",98.4522123607695,23.0713977370907,22.0649194131699
"1076",99.1410614936881,22.553402069822,24.5853168202743
"1077",99.5115106854895,22.2097320472833,26.8850504579417
"1078",99.6197207678681,22.3762193703711,28.857405813875
"1079",99.4899605891673,22.9365679003509,30.3932552873557
"1080",99.0642838392814,23.1777639863002,32.0372333868124
"1081",98.4024943003665,23.8383716480675,33.0802928272744
"1082",99.1085845596591,23.8867420224453,17.2657716774871
"1083",101.278460508707,23.2354546124761,20.0675493290531
"1084",103.067271515764,22.6621492880471,22.7495084994331
"1085",104.494539846227,23.1023657137764,25.1161260718122
"1086",105.582079746717,22.7829636355174,27.5992330478347
"1087",106.579142140695,23.8635760756054,29.4318555996305
"1088",107.314078229189,24.7000609712179,31.1417955137272
"1089",107.840446915927,26.0117348553814,32.0332564469826
"1090",108.084834318984,26.9195127822873,33.3070950448077
"1091",102.173335640207,23.980026728582,17.532073033019
"1092",104.859761158242,24.2830778880353,20.4250743050472
"1093",107.73992560877,22.1473690523592,22.8624666148482
"1094",109.699161732071,22.8889897316051,25.4072448137115
"1095",111.82646392687,25.6348284412274,27.0473476702912
"1096",113.656455907122,26.3971613737133,29.0900765379121
"1097",115.216396835138,26.6948778559579,31.3980542041438
"1098",116.752015257641,28.4077563420581,32.4331375342278
"1099",118.072653352671,29.9903740308064,33.057620376057
"1100",105.135494470603,24.6056535596215,17.8989035601982
"1101",109.551644918694,22.3216956596501,19.7629957357103
"1102",111.961713928673,24.888711191867,22.4934553751497
"1103",115.116446567097,23.4778320470579,24.9450216156713
"1104",117.717885954104,26.779818154591,26.7530888475353
"1105",120.611930133672,28.5202838121824,28.7379220384435
"1106",123.216325464878,29.0742385369034,31.1216126666058
"1107",125.843873468519,31.2677913528764,32.1270702772002
"1108",128.340601712555,32.9388627120688,33.0537145528084
"1109",108.725769887727,22.4403239975938,18.3395833019403
"1110",112.367413310431,24.1910841528679,20.5138869901537
"1111",116.194930039588,26.0979015389845,22.0387771471927
"1112",120.838910583998,25.7296226951044,23.6697146970585
"1113",123.75269962636,29.4605366597054,25.6693719230706
"1114",127.262858627516,29.4871590113358,28.4202690019687
"1115",131.333004860338,31.9711906113406,30.7110116805235
"1116",134.921610775223,34.0796394573442,32.3557339196612
"1117",138.861983506779,35.9411020856091,33.4235378968088
"1118",258.721501313404,98.7554526063456,-40.2043715386574
"1119",255.148745515466,97.8585219146667,-42.6197114554239
"1120",252.909147789968,95.9393993732362,-44.7796979060103
"1121",251.745004675688,92.655111592826,-44.7105862895995
"1122",251.958098035983,90.599652397486,-45.5638559823638
"1123",251.434571167419,88.1173568057613,-45.8078278473316
"1124",251.943691293436,86.1054989903234,-46.9026880915389
"1125",251.813586128621,83.6740900340376,-48.6575378094297
"1126",251.723912981602,80.1559343904934,-51.3970308475486
"1127",261.330753606404,94.8842935820295,-38.9781033563944
"1128",259.257540407794,93.4335965881053,-39.7205141345543
"1129",257.496513628729,91.2470077229735,-40.1782550830124
"1130",255.549547691126,88.4996771616359,-40.2775980140947
"1131",254.541916193106,86.6647770902379,-41.5104589807823
"1132",254.289925788521,84.9988823200976,-42.6296511586122
"1133",254.278438387292,82.9594401320181,-43.9123347971586
"1134",254.642334037879,80.5646725640883,-45.909667238435
"1135",255.327032584248,77.6451539276975,-47.743367065579
"1136",264.602581979569,91.8353566889298,-39.1028011853737
"1137",263.308116764994,90.6134978321305,-39.8828261478052
"1138",262.146205472613,88.9883111325517,-40.1975224734113
"1139",260.836286536798,86.7647462453314,-39.6909427220251
"1140",259.935702590983,84.8472834573983,-40.1151830708052
"1141",259.385194714043,83.1184998466542,-40.8790809591703
"1142",259.083202007897,81.2827392026476,-41.8320529212191
"1143",259.039085483581,79.2117108142038,-43.6698064112014
"1144",258.971419982727,76.8413188400555,-46.7313990212309
"1145",267.711202592638,89.2148524431214,-38.9353997239057
"1146",267.139880794322,88.1862558768895,-39.6346946109923
"1147",266.456219095152,86.9164192834542,-40.1651691958316
"1148",265.534914678304,85.1686645870881,-39.7318014771141
"1149",264.832678661796,83.5412679697555,-40.1272142936915
"1150",264.150256105666,81.8265192541886,-40.472867918938
"1151",263.688354154743,80.1752856251683,-41.4264946137855
"1152",263.333128822363,78.3927856307874,-42.8364510899108
"1153",262.622069619824,76.5566060289769,-45.9675403449913
"1154",271.024876598701,87.4118925188248,-39.4460069798488
"1155",270.777421920373,86.5084174021321,-40.063738473453
"1156",270.288709320429,85.2563762001976,-40.2915896870004
"1157",269.581526228916,83.7147227186195,-39.7939433419766
"1158",268.936951539659,82.2942848415523,-40.1435599603767
"1159",268.313088364572,80.7751402291243,-40.4232580170412
"1160",267.756195150635,79.292688151276,-41.4402190196143
"1161",266.744324633018,78.0931407274295,-44.7104629673986
"1162",265.993515772942,76.5620839977218,-46.6554006938178
"1163",274.342339986736,86.2397467056218,-40.0046000371239
"1164",274.08825451393,84.9386337596986,-39.2956125005904
"1165",273.734659791026,83.4793505485128,-38.0694024822064
"1166",273.282147798578,82.6108962175176,-39.8219824471913
"1167",272.774148515041,81.2949870254026,-39.7927122416265
"1168",272.267226775708,79.9219682242347,-40.0911350516301
"1169",271.63695153616,78.4903594810824,-41.264295836963
"1170",270.948076840594,77.0422995053281,-43.0458945827325
"1171",269.748021130677,76.3103893255441,-46.2432356268383
"1172",277.726701853264,85.7050481395267,-40.7418645351221
"1173",277.486066639533,85.2566291649247,-41.2672329795775
"1174",277.056444953285,83.7993035410479,-41.6725999471481
"1175",276.803821195542,82.0789743052394,-40.5528017064163
"1176",276.612222168476,80.8583805220496,-39.9088391676256
"1177",276.189496149201,79.4298339009536,-40.0772838674037
"1178",275.14366026469,78.1199367374628,-42.0600378512222
"1179",274.291147027505,77.0065151287214,-43.7734900620855
"1180",273.4579941495,76.3935005869113,-45.771867782438
"1181",281.226633504544,85.4526766442874,-41.4439008666306
"1182",280.79464573444,85.2361295022581,-41.87353697575
"1183",280.230267268229,83.9531331766039,-42.5417975423969
"1184",280.183228194286,82.1164283135553,-41.7593201696402
"1185",280.041644775225,80.8646268585367,-41.424558011145
"1186",279.88628602376,79.360090637068,-40.9990975326843
"1187",278.56710667371,78.0990626462054,-42.9266392387604
"1188",277.874565458626,77.4383734720066,-44.2266994606373
"1189",277.467866401621,76.9421512439361,-45.2173366483099
"1190",284.796783980905,85.7573761012323,-42.1357552515139
"1191",284.170343160533,85.0045353406193,-42.9297546262191
"1192",283.734931943799,84.5081344271517,-43.5674650997495
"1193",283.289744507164,82.813223367953,-43.7994138351822
"1194",282.960594354058,81.0839350514092,-43.6775114358012
"1195",282.833205287124,79.5330987067144,-43.2225223654932
"1196",281.819720547105,78.4460770491778,-44.0074051786529
"1197",281.355473358199,77.9047967369181,-44.7164976896505
"1198",281.136568984163,77.3158419841326,-45.8988636326222
"1199",261.148581588352,68.1613239468671,58.2055645556356
"1200",261.247539211189,70.4193367001726,57.0607357556868
"1201",261.47250654897,72.7214985751942,55.8671385008605
"1202",261.466559096805,74.9624550648038,54.1114210899458
"1203",261.296557327389,77.2094385423607,52.8198710004867
"1204",261.47660213287,79.5498899368634,52.4480673839234
"1205",262.623482302808,81.819581912663,52.5445479757207
"1206",263.266243170816,84.2298355124718,52.8022796145755
"1207",264.230488453416,86.4996729452657,52.4674539522222
"1208",263.694235198106,66.0506929522795,58.6179824636285
"1209",262.899607831333,69.0316643700468,55.8713593779415
"1210",262.201342539323,71.6909578456916,53.8538299828725
"1211",262.709951263001,74.4283982264792,52.5746666014267
"1212",262.061436370148,76.7643175934866,51.0435266971433
"1213",261.463913416519,79.2204142001266,50.1042248811987
"1214",261.057917342744,81.8525520865916,48.7368236446863
"1215",264.463939279465,83.8647157519857,48.8037071788767
"1216",267.305136441087,86.4335194015163,46.7772291302786
"1217",266.55186679587,65.122317975429,57.6560113858818
"1218",264.775234698773,67.5515775297921,54.2388532456283
"1219",264.866610092748,71.2160638443423,53.1919052983787
"1220",263.880070396802,73.5525443427804,50.8669939281018
"1221",263.909659338248,76.0325349409359,49.536269684051
"1222",264.619157553984,78.3691759556821,48.7629039621106
"1223",266.10760836829,80.5875408069241,48.6369963345902
"1224",267.730138111301,82.7788875370737,48.3270278719918
"1225",269.787970882024,85.2253167897403,48.5139458420635
"1226",269.486731545684,64.779807427039,56.4226105796808
"1227",268.045028016941,67.7924322028249,54.0586590874481
"1228",266.761516269116,70.1017327243636,51.4842687405863
"1229",266.494694720289,72.826233283286,50.1337612171663
"1230",266.082846795664,74.9867439327899,48.0110491523865
"1231",267.516257711772,77.3417913217445,48.5479139397952
"1232",268.594692208665,79.3745412745113,47.7510955379388
"1233",270.649084078691,81.3261171595321,48.5317874033883
"1234",272.967501755671,83.3199144387307,48.4603448458529
"1235",272.502323361238,64.8161471521597,55.8241958060964
"1236",270.691784064438,66.5391625773338,52.5291908348323
"1237",269.668027716997,69.3465758179967,50.6514558035449
"1238",269.371496778274,71.9172109471093,49.6013420120193
"1239",269.536668144275,74.0271727817743,48.5767110302944
"1240",270.354592790869,75.9948276989979,48.2667547801245
"1241",271.725244094626,77.775498156909,48.3767957558235
"1242",273.599062718939,79.4085467548893,48.6555742892685
"1243",276.024862930691,80.9227744403734,49.0108037369204
"1244",275.6456550832,64.5700023884056,55.7162380968467
"1245",274.600364444731,60.5699086086187,46.2121559865617
"1246",273.057433388787,68.6113715129052,50.4218594805961
"1247",272.699834738201,70.7350515648588,49.2078227313445
"1248",272.92741673726,72.6670237786518,48.6301343255095
"1249",273.654813609381,74.3931514032045,48.4029399182627
"1250",274.688141438701,75.8376530318671,46.4167527035359
"1251",276.634416260026,77.272043712626,49.0596577805357
"1252",278.877251951359,78.3307827034815,49.0960021820759
"1253",278.503433947003,65.1055420680514,56.3520480662739
"1254",277.780104642252,65.1949735335065,51.545440558647
"1255",276.837723583685,67.497151838446,50.0785923153987
"1256",276.535728248352,69.6806676593705,50.1927900614771
"1257",276.851578303887,70.7428857240789,47.518842304952
"1258",277.418220882445,72.5514429827009,48.5654414225468
"1259",278.376978265743,73.9840040391183,48.9875578022437
"1260",279.744187806167,75.2382289379594,49.6375295833248
"1261",281.611339873576,75.8510459202617,49.7288289555541
"1262",281.575227299242,64.7160777540146,55.467357117447
"1263",281.310471096429,64.9243969284591,51.4719771110983
"1264",280.958834640686,66.4222984700178,50.1511455892193
"1265",280.996601468036,67.6895582182015,49.3127194470426
"1266",281.315405625415,69.0442345884745,49.0046955330974
"1267",281.759424298948,70.5342388929189,49.242433530041
"1268",282.342615043475,71.9364311954225,49.7708171701151
"1269",283.196818975148,73.2350819963169,50.344340597928
"1270",284.274267903312,73.8605906708169,50.61858005137
"1271",283.928650571891,64.6461240349107,52.2082472209665
"1272",284.599755538187,65.1415287573979,51.4808340274172
"1273",285.052169279226,65.8273739715459,51.474133359589
"1274",285.71839897935,66.1752329809784,50.644885230782
"1275",286.186234132789,67.0386397622998,50.522251706513
"1276",286.64991824128,68.3360577891023,50.542604545656
"1277",286.85861790898,69.9793092011307,51.2785681132108
"1278",287.210455183556,71.5471319447791,51.7183173541631
"1279",287.663935862679,72.3687862455672,51.6813788585506
"1280",295.422806636587,58.6024587411139,-30.479182680959
"1281",296.573506213659,56.858865315502,-26.8228274597054
"1282",298.985433100206,55.5216361127456,-22.9205004609169
"1283",301.132086119892,54.0438946039439,-19.4363851282338
"1284",302.682577139075,52.4776327252987,-15.5083438867388
"1285",304.367800037734,50.9710829370353,-11.7602310038312
"1286",305.80228906214,49.4610789158033,-7.8860075711454
"1287",307.039236971521,47.9659234775763,-3.7337779424828
"1288",307.408991060542,46.3453197361084,0.673940302882769
"1289",295.412835353197,60.2693460838107,-30.6612269249343
"1290",297.067924035417,58.8809401302774,-27.2842177134392
"1291",299.76204272181,57.3856674049195,-24.2332781211508
"1292",301.369159907793,55.8358471427834,-20.7658993853897
"1293",302.334999321028,54.4388833861812,-16.3572256340591
"1294",304.473726526418,52.8283413509269,-12.7511055026069
"1295",306.542456846285,51.2277940978826,-8.62525202614645
"1296",306.587692344335,49.8393609316995,-3.61841822692922
"1297",307.703146875823,48.3581136934211,1.46692540751379
"1298",294.953104271203,62.1931402244828,-30.5220908547717
"1299",297.104401065704,60.7206588026573,-27.724099962636
"1300",298.157927716077,59.4211466847148,-24.2085870263557
"1301",302.068842584037,57.5259854473843,-21.757069800347
"1302",303.262749015582,56.2298710211324,-17.6038533349795
"1303",305.014610413954,54.7129391991484,-13.4552434149644
"1304",306.781207254375,53.1439210484042,-8.93551464610319
"1305",307.955185091641,51.7231293438961,-3.85199554624423
"1306",308.543051321475,50.3319134742565,1.77892582875161
"1307",293.642688468693,64.3395183722954,-29.880100791172
"1308",296.974893672957,62.6417873921531,-27.8760844188203
"1309",297.731308192481,61.6917118381006,-24.1802003139607
"1310",302.373473679372,59.4214796366454,-22.0043833957843
"1311",304.05346196326,58.1037725899843,-18.0630260249648
"1312",305.870229912159,56.6228380528192,-13.7972325156149
"1313",306.448440219137,55.4546335725965,-8.65163787570909
"1314",308.85184827849,53.7602919203844,-3.80018211525339
"1315",309.342670664952,52.5365130291661,2.13952805215852
"1316",293.680863159515,66.2170441905484,-30.0339960247056
"1317",297.020351401366,64.5889462469534,-27.7837799682453
"1318",297.543487005288,63.9621544437689,-23.9028611472184
"1319",303.268641966781,61.2956539169137,-22.0652866927312
"1320",305.269807941914,59.9356548286378,-18.1629019274034
"1321",306.436936086468,58.8233734557902,-13.5936072538853
"1322",308.512155240488,57.17423131827,-8.88669720604892
"1323",308.910924249816,56.0459090647069,-3.22467799382262
"1324",309.803479126237,54.7577269498669,2.69407867593913
"1325",293.909050157834,67.8688248549602,-30.1617558580235
"1326",296.234158990952,66.4353900956719,-27.0664816235399
"1327",300.308186549836,65.1841279464695,-24.6334298002024
"1328",301.137536476976,64.9048698667289,-20.6343830977191
"1329",306.443932898905,61.9755542737359,-17.7523180522163
"1330",307.412718620709,61.1204899122485,-13.1060406168044
"1331",307.810973025623,60.2058523037132,-7.97236710833631
"1332",310.760876351045,57.9483583810459,-3.12742637398731
"1333",311.029882018097,56.7565178958471,2.80578524310339
"1334",295.467664328169,69.5132354034391,-30.9454211266203
"1335",298.051962850738,67.9058533710178,-27.5285629879486
"1336",303.659152805955,66.477344031364,-25.1752243652924
"1337",305.032525594298,65.7530163150736,-20.8926545671836
"1338",308.166968316129,63.9414531373893,-17.0152323539294
"1339",310.190211128537,62.5324981627682,-12.6176795571849
"1340",311.569809448603,61.31594306523,-7.90126294643602
"1341",312.568099768633,59.9228841781901,-2.83420555065043
"1342",312.770716719059,58.5263085630678,2.72086959513813
"1343",294.006068346116,69.4897450799934,-31.2677723321692
"1344",300.305563791941,69.5242999867843,-27.9367154668112
"1345",306.961605791358,68.0412763320122,-25.3514785546692
"1346",302.533949828912,70.3402991508772,-18.4295028305506
"1347",310.541690209796,65.6875239171756,-15.9573465903323
"1348",312.753120313187,64.1598091679608,-11.6265016384359
"1349",313.947107033837,63.2383762827082,-7.13548758389101
"1350",314.195353459968,62.1563998131319,-2.32839377596624
"1351",314.352374048432,60.2629311834742,2.60752822097552
"1352",297.639704619003,72.3210772831478,-32.3013619293819
"1353",298.346757720205,69.0965159965194,-26.3111857609292
"1354",309.987156971766,69.9403764581505,-25.326456373669
"1355",311.057601378949,68.8911851427509,-19.4495201658934
"1356",313.374300659079,67.2629812867877,-14.5581240758861
"1357",315.019405041519,66.3072417898286,-10.107018741495
"1358",316.079853314069,66.013717949936,-6.02625079477645
"1359",316.159084314951,64.8887251843739,-1.8110152344147
"1360",315.886300153659,61.6884588622425,2.81024406610323
"1361",308.189808403873,46.074698674202,3.3937401609985
"1362",307.833079060831,46.8557463405186,8.50386766601981
"1363",307.348619333,47.807026778426,13.3147203537276
"1364",306.32062937452,48.8612351463768,17.6025055632744
"1365",305.332682616301,49.7001733291473,21.19062764339
"1366",304.328101728261,50.3095438983773,24.1109800196867
"1367",303.259492123281,50.792946104543,26.5114610076671
"1368",298.73435926344,51.738601991195,29.2036950079724
"1369",297.447492764036,53.215486426477,31.274084293115
"1370",308.723399417926,48.4155857229161,3.35751240846439
"1371",309.251791664652,48.535126054975,8.441423420246
"1372",308.135703914464,50.1715844554708,12.3460927073903
"1373",307.498736219521,50.8007381214386,16.4569495330044
"1374",305.335953974987,52.7209540038371,19.4318868709857
"1375",305.029806625188,52.1514697848847,23.9009960978452
"1376",302.4446602747,53.2351257087942,26.8503546148967
"1377",300.079723528169,53.8476595852236,29.888124958943
"1378",296.875740038471,54.3660110353572,32.3679130898463
"1379",309.530498067194,49.8410741147489,4.1742612842048
"1380",309.268851224654,51.3973825064225,7.56843433772037
"1381",309.172899195594,53.2899833630076,10.6942722245241
"1382",309.045638698778,53.3701846059991,14.9998345987764
"1383",307.810016431504,55.6422041599768,17.6692149615038
"1384",305.881978313736,54.0106191476384,23.4074098374712
"1385",303.283844362496,54.6037684261527,27.1993201910442
"1386",298.952475342135,56.4943099615374,29.0138630577195
"1387",295.976726838047,56.5690501329391,32.9729611798886
"1388",309.548400569712,51.8276934969647,4.3572212600794
"1389",310.089426669236,53.0549479696985,7.36319338530814
"1390",310.747968138063,54.4840616972247,10.4319857931245
"1391",310.692390055137,54.8730513347323,14.4724534189865
"1392",309.476351847899,55.732226782307,18.3037567156196
"1393",306.842814916799,55.4451268919725,23.1647631979234
"1394",303.539692344019,55.1106300483101,27.9780730591859
"1395",300.012889554458,58.2966945086368,30.1167384439809
"1396",295.921210644213,58.7304680245116,34.4659963091787
"1397",310.414984488525,53.6292728352426,4.87001527385953
"1398",310.641676866343,54.9853291711315,7.2172065316807
"1399",311.885044849673,55.9936676431038,10.1942137601461
"1400",311.700280618712,55.4562956565227,14.8650848388863
"1401",310.320771914335,56.289323195738,18.6748128654445
"1402",307.722507576871,56.541085886949,23.2162855630723
"1403",304.084790337223,55.9638461896888,28.461181870114
"1404",300.978033594267,60.8499880296072,30.6201467104578
"1405",295.953000036162,61.5570435310194,35.6151221696333
"1406",310.914555876035,55.8114786044746,5.22218610422806
"1407",312.148371180526,56.4889733944066,7.57923570084594
"1408",312.997055151959,57.1346671932056,10.4283243136029
"1409",312.75406719243,57.1534507460776,14.4220254475794
"1410",311.593183482999,58.3490870005357,17.9260037090502
"1411",309.06913874656,58.1507207835841,22.8898249901206
"1412",306.648215901531,61.3864887751948,26.0375248406399
"1413",302.541203095064,62.9653914866625,31.4106850676224
"1414",297.583136875506,64.4081151443253,37.7000830198301
"1415",312.715316746966,57.456135376362,5.28999037262099
"1416",313.654254276931,57.9102865523389,7.61011322092843
"1417",314.117348199922,58.2932720282915,10.6093298450685
"1418",313.784896218658,58.6058437828262,14.3523046080031
"1419",312.632914878959,58.8548930427165,18.3789822787184
"1420",310.8034395668,60.0371601637663,22.1342352221171
"1421",308.236368891162,62.6112155479774,25.7262000565568
"1422",304.628864704568,63.6184792111366,31.9735542196925
"1423",300.290644268481,65.9747786323561,39.7534852591141
"1424",314.414154912115,59.4603080734891,5.55906494873214
"1425",315.056073818487,59.4493059920649,7.64043593337729
"1426",315.237455525385,59.9497213684862,10.6903301219112
"1427",314.635169938054,60.8596347540327,14.0708152688865
"1428",313.993552972413,61.2196792013871,17.5443537094722
"1429",312.865381657006,61.4450700951183,21.2631650415682
"1430",310.446286840459,63.0343853336808,25.3033134928327
"1431",307.606421000749,64.5267753290612,31.4447314077887
"1432",303.118400606791,68.9243492877565,39.8150504642802
"1433",316.356157830269,61.239357337609,5.85485621638568
"1434",316.174281228504,60.9040352828853,7.74747127401348
"1435",315.799163873804,62.0187649102051,11.0583304266303
"1436",314.931523727554,63.1165736369154,14.2425247041108
"1437",314.812134920347,63.3991758090879,17.0084480069175
"1438",314.254724324368,63.2264923933493,19.3441742647962
"1439",313.699601807501,63.0666952390435,22.3688181281234
"1440",310.72826875392,65.0927335923334,26.5810199872588
"1441",306.306611897366,70.6010348659246,36.4736133769451
